"","Southern Coastal Streams","North East Vancouver Island","Upper Knight","Loughborough","Bute Inlet","Georgia Strait","Howe Sound-Burrard Inlet"
"Southern Coastal Streams",1,-0.0748590042215451,0.459838375561564,0.337004590427006,0.0966618270010158,-0.140785271890207,-0.224207232409386
"North East Vancouver Island",-0.0748590042215451,1,0.0000245975945026566,0.274497269004991,0.282922977294645,0.291227945959317,-0.0102832622080051
"Upper Knight",0.459838375561564,0.0000245975945026566,1,0.254932378988908,-0.100420384905918,-0.0460250911798451,0.0846931846496197
"Loughborough",0.337004590427006,0.274497269004991,0.254932378988908,1,0.025530144116518,-0.00337064545895043,-0.0753918670161916
"Bute Inlet",0.0966618270010158,0.282922977294645,-0.100420384905918,0.025530144116518,1,0.341966398650229,0.12592632644087
"Georgia Strait",-0.140785271890207,0.291227945959317,-0.0460250911798451,-0.00337064545895043,0.341966398650229,1,0.643326354215384
"Howe Sound-Burrard Inlet",-0.224207232409386,-0.0102832622080051,0.0846931846496197,-0.0753918670161916,0.12592632644087,0.643326354215384,1
